{
 "1": [
  7.062737069939501,
  10.563128616791673,
  10.00852370458333,
  15.348545537499998,
  10.777282246250007,
  10.105555873235502,
  7.311107483625004,
  5.2560208995833335,
  10.751669461666664,
  6.304195045833336,
  7.575496671250002,
  5.115544338750004,
  7.236080400000004,
  9.636294568749994,
  11.415951842500007,
  9.191052121666669,
  6.649273879999994,
  5.303608928333333,
  5.243008255000004,
  16.435795117916665,
  6.875288891250002,
  10.985259557083328,
  7.846812185833338,
  5.04661857291666,
  18.963548203749998,
  8.526769740833334,
  9.941435459166666,
  10.352440025833337,
  14.045706061666666,
  7.598221923749995,
  7.746798574583335,
  7.518458537499996,
  5.108306758333335,
  11.391764073749988,
  8.116065177500001,
  8.266966854166663,
  6.915414337083333,
  7.755311169166666,
  16.494708272499995,
  7.2789808766666715,
  9.532380914166664,
  16.062140966250002,
  4.99951748650698,
  10.764307102083338,
  7.77972394041667,
  3.6931965646396803,
  6.531185067916668,
  13.312010409583339,
  7.233042866249999,
  8.858873430833324
 ],
 "2": [
  7.222857479134395,
  11.619441478470842,
  9.007771419362044,
  13.813844469205373,
  9.699661794447469,
  9.095101341470684,
  7.0222330030736035,
  4.730471369833996,
  9.676610032194613,
  5.673838583200461,
  6.818022759091714,
  4.604041060318391,
  6.512544720804003,
  8.672761474820682,
  10.274470817768432,
  8.27203882002122,
  5.984412984738794,
  4.773301071589283,
  4.718759859582553,
  14.792379964076178,
  6.187828755013914,
  9.886843453970565,
  7.062209435371862,
  4.542007181810724,
  17.067383018857036,
  7.674178034447409,
  8.94739132760459,
  9.317299547650261,
  12.641275912560616,
  6.838475713594233,
  6.972196185110747,
  6.766687868335372,
  4.597527165567584,
  10.252701584015727,
  7.304539820401776,
  7.440352838418538,
  6.223942057518371,
  6.979857605361691,
  14.845402392332721,
  6.551155578808771,
  8.579238146559138,
  14.456087491034664,
  5.499469235157678,
  9.687984034946025,
  7.001829343614407,
  3.3239138401413584,
  5.87813187297568,
  11.9809424887291,
  6.509810910053662,
  7.973074676484299
 ],
 "3": [
  8.196228859591411,
  11.523986818176265,
  8.107084355140033,
  12.432598160729528,
  8.729792611620667,
  8.18568215833703,
  6.320079925096274,
  4.257471537564294,
  8.709045795075474,
  5.106511463266247,
  6.1362886634101335,
  4.143682994697155,
  5.86135537417081,
  7.805572054953362,
  9.247126480699766,
  7.444917658407297,
  5.386031530394762,
  4.29601869744107,
  4.246931061222893,
  13.3132898914682,
  5.569107757800073,
  8.898257977008049,
  6.35605911392903,
  4.087851883701469,
  15.360815390801521,
  6.906836972783013,
  8.052741668757408,
  8.385662765880712,
  11.377274734063679,
  6.154696526991946,
  6.275046288561523,
  6.090086748380518,
  4.137820424282481,
  9.227533952629994,
  6.574158883759802,
  6.696391958105068,
  5.6016100911871085,
  6.281941643401575,
  13.361010607123372,
  5.896105532483682,
  7.72140012428469,
  13.010623302806108,
  6.049416158673446,
  8.719282511291771,
  6.301716427546403,
  2.9915556952656237,
  5.2903774669968415,
  10.782968049281077,
  5.858894917157396,
  7.175846939582634
 ],
 "4": [
  9.204278371649684,
  13.149411159226462,
  7.296456990469581,
  11.189462670638182,
  7.856900648384716,
  7.367195799324911,
  6.952087917605902,
  3.8317669585232403,
  7.838228306025877,
  4.595911382054255,
  5.522721159955754,
  3.7293561320573865,
  5.275278450307471,
  7.025092905178575,
  8.322506303894595,
  6.700500341743151,
  4.847482237670589,
  3.8664597878839375,
  3.822280424411216,
  11.982094035220294,
  5.0122526730976436,
  8.008521161887014,
  5.720516763127266,
  3.679107573850159,
  13.824887459875278,
  6.216222343874439,
  7.247548029298354,
  7.5471803459202995,
  10.239661033404651,
  5.5392884212580205,
  5.647604410168256,
  5.48113897440995,
  3.7240797600584754,
  8.30487283270652,
  5.916808736972659,
  6.026819726214143,
  5.041505098169309,
  5.653810298477851,
  12.025043156517105,
  5.306553940290639,
  6.9493373258574636,
  11.709691078758524,
  5.444535036967688,
  7.847441452987707,
  5.671607801956037,
  2.692430041296014,
  4.761392624071827,
  9.704779074033462,
  5.273064014390828,
  6.458334004093766
 ],
 "5": [
  10.204359450799803,
  14.464352275149109,
  6.566884255992528,
  10.07062829820107,
  7.071289152552728,
  6.630549891350413,
  6.256948646724488,
  3.4486285803405012,
  7.054483857706349,
  4.13636620296265,
  4.970504271171778,
  3.3564578124129683,
  4.747803358061226,
  6.322653865589769,
  7.490338898568175,
  6.030517312572253,
  4.362782488725907,
  3.4798524736934224,
  3.4400906047743387,
  10.784004452638618,
  4.51107752831461,
  7.2077491309099315,
  5.148522291982171,
  3.3112336075408817,
  12.442536962762349,
  5.594662271710434,
  6.522865701848811,
  6.792537783131729,
  9.21579732667452,
  4.9854149720164305,
  5.082900445195532,
  4.933079888358699,
  3.351709024850228,
  7.474468598164195,
  5.325187031362763,
  5.424198021789991,
  4.53740500340336,
  5.0884858067330505,
  10.82265909129696,
  4.775951611800978,
  6.254473086644976,
  10.53883906779346,
  5.050285839108618,
  7.062775782103466,
  5.104503737838453,
  2.4232139614668253,
  4.285300975590885,
  8.734398214420857,
  4.745810343591889,
  5.81256518702443
 ],
 "6": [
  9.184025549314331,
  17.295104839353737,
  5.910261499235834,
  9.063666174663945,
  6.364230950188981,
  5.967561207714286,
  5.631316351538506,
  3.1038002085922543,
  6.349106016774291,
  3.7227709463284144,
  4.4735035490973125,
  3.0208455957497953,
  4.273070500288684,
  5.690451705569448,
  6.741379912100343,
  5.427525886488153,
  3.9265478676782033,
  3.131902024848817,
  3.0961159452029525,
  9.705711847419282,
  4.060014886258432,
  6.487046295310248,
  4.633721548006873,
  2.9801433591228688,
  11.19840769185574,
  5.035251991162108,
  5.870644360320949,
  6.113351930196387,
  8.294309751980334,
  4.486923328964507,
  4.574661229680431,
  4.439821230321712,
  3.016571639455454,
  6.727096483033757,
  4.7927215800968,
  4.88183246159121,
  4.0837098771130576,
  4.579688110917813,
  9.740501408758176,
  4.298404210136998,
  5.629088322711344,
  9.48506054940479,
  4.545307758056147,
  6.35656883165094,
  4.594104409091986,
  2.180916797459757,
  3.856813731041552,
  7.861045736960915,
  4.271276767336135,
  5.231366793973857
 ],
 "7": [
  8.265714834638391,
  19.02461532328911,
  5.319294451927243,
  8.157390193859298,
  5.727871497479584,
  5.370864762554934,
  5.068241029548171,
  2.7934512257351147,
  5.7142589061570295,
  3.350531079405036,
  4.0261979292230725,
  2.7187912446307734,
  3.8458061809648183,
  5.121463439529559,
  6.06730933468943,
  4.884827573098202,
  3.5339323463890597,
  2.8187431413841835,
  2.7865353118421092,
  8.735237719795828,
  3.654053997781451,
  5.838406536242176,
  4.1703957304216654,
  2.682158824644173,
  10.078678906747085,
  4.531777144565808,
  5.283638630732457,
  5.50207787069605,
  7.46496171987982,
  4.038275865301346,
  4.1172408533246845,
  3.995883505501844,
  2.7149446412263027,
  6.0544541056952115,
  4.313497349302921,
  4.393698033756705,
  3.675379726500523,
  4.121765096707141,
  8.766548672896446,
  3.8686067731653995,
  5.066235781323437,
  8.536649345069806,
  4.462041630484536,
  5.720975514174163,
  4.134739909226878,
  1.962846926881756,
  3.471170926074707,
  7.075019773722193,
  3.844191803370195,
  4.708282428244411
 ],