{
 "1": [
  10.552071445842776,
  33.352061767664864,
  2.8270796274725822,
  4.335460621483127,
  3.044228697179649,
  2.910973814901844,
  3.2922031041676285,
  1.4846534859059675,
  3.036993925735259,
  1.7807282979733903,
  2.1398293034435936,
  1.444973465656083,
  2.043955341008538,
  2.7219371071841754,
  3.2246319072372582,
  2.596170721592374,
  1.8782017486779923,
  1.4980955429527119,
  1.4809778406772691,
  4.642572961874195,
  1.9420435751718712,
  3.1029754650135657,
  2.216467036093867,
  1.4255041978452714,
  5.356580288346115,
  2.4085327400903775,
  2.808129398901561,
  2.9242247064132414,
  3.9674512078361603,
  2.146248441796882,
  2.1882164717568546,
  2.1237179017350822,
  1.4429290866095716,
  3.21779965601964,
  2.2925221736790715,
  2.3351469471669355,
  1.9533776973468244,
  2.190621000479952,
  4.6592139954600365,
  2.056073318361948,
  2.692584908542309,
  4.537027921359016,
  3.6310815602849313,
  3.0405636445884943,
  2.1975168075228457,
  1.275016461926653,
  1.8448455330434799,
  3.7602062542352503,
  2.043097337367255,
  2.5023411382038256
 ],
 "2": [
  12.612110795477454,
  30.017189111516053,
  2.5443999355215987,
  3.9019579139410285,
  2.739836269748656,
  2.6199055431498084,
  2.9630157157819075,
  1.3362029838502298,
  2.7333249031009905,
  1.602673275459031,
  1.9258677713922685,
  1.3004905688251314,
  1.839580246461094,
  2.4497706158368295,
  2.902200962832605,
  2.3365796111403525,
  1.69040035582768,
  1.3483009696128703,
  1.332894866387949,
  4.178362091416394,
  1.7478586380904357,
  2.792708948266859,
  1.9948424971548413,
  1.2829680331027227,
  4.820975825314387,
  2.167703551408741,
  2.527344540305394,
  2.6318314780189813,
  3.5707457615646225,
  1.9316450601016117,
  1.9694167067458868,
  1.9113673487405913,
  1.2986506072394806,
  2.896051868414236,
  2.063292881532901,
  2.1016556039197134,
  1.7580594613891154,
  1.9715808066419613,
  4.193339188053987,
  1.8504865472589367,
  2.4233533435371637,
  4.083370499502328,
  3.268009715072041,
  2.736537685766091,
  1.9777871019386364,
  1.147527565898607,
  1.6603794281944624,
  3.3842232308742677,
  1.838808034603903,
  2.252132047794825
 ],
 "3": [
  14.708767280867779,
  27.015770372255563,
  2.289985385968794,
  3.511801142126065,
  2.465880041136488,
  2.357941187890259,
  2.6667437743608744,
  1.2025960474950452,
  2.4600197460399222,
  1.4424219746458824,
  1.7333002529307555,
  1.1704545168483065,
  1.6556406176174492,
  2.204818051959305,
  2.6120098885589726,
  2.1029450158224288,
  1.5213772242484702,
  1.2134843556612793,
  1.1996187086978178,
  3.760567665895669,
  1.573090252867773,
  2.5134659805296558,
  1.7953781958643287,
  1.1546840594727814,
  4.338926452541202,
  1.9509548733033808,
  2.2746353597202575,
  2.3686746485318633,
  3.2137068928657757,
  1.7384998705420516,
  1.7724947302383656,
  1.7202497275400195,
  1.1687985330216049,
  2.6064756420914965,
  1.8569842263084262,
  1.8915110600837812,
  1.5822710958448176,
  1.7744424417858315,
  3.7740472026404692,
  1.6654563973985155,
  2.1810422427168827,
  3.67507428325709,
  2.9343273016474902,
  2.4629112825663393,
  1.780028169615792,
  1.0327862845844054,
  1.494358089169298,
  3.0458347500191496,
  1.6549456192238587,
  2.0269413643358205
 ],
 "4": [
  14.89895782126651,
  29.71734740948112,
  2.061009747225774,
  3.1606561459248796,
  2.21931669582325,
  2.122170648513112,
  2.4000960643625304,
  1.0823484687060156,
  2.2140423716333903,
  1.2981942014010406,
  1.5599875606402092,
  1.0534207697086442,
  1.4900931122618803,
  1.9843582949438938,
  2.350835019801961,
  1.892671543690344,
  1.3692547155958656,
  1.092148054938708,
  1.079668834015123,
  3.3845485049827606,
  1.4157969584835244,
  2.2621445171364956,
  1.6158583300598544,
  1.039227200366098,
  3.905077196551607,
  1.7558788955217757,
  2.047194570101829,
  2.131830870425162,
  2.892368340648127,
  1.5646672684865517,
  1.5952629821618314,
  1.5482419572832928,
  1.0519303677047747,
  2.3458541426387676,
  1.6713043735198465,
  1.702378869186004,
  1.4240598089712944,
  1.5970159420316663,
  3.3966802228484485,
  1.498927412222638,
  1.9629598288676215,
  3.3076036056742137,
  2.6409239147557577,
  2.216644783422531,
  1.602043152935909,
  0.9295179839888107,
  1.34493722383326,
  2.7412817333647346,
  1.489467606757665,
  1.8242674973158817
 ],
 "5": [
  13.743631138513713,
  35.95483225212392,
  1.8549293826006688,
  2.8446221378938508,
  1.9974072194078833,
  1.9099748053682861,
  2.160110458886921,
  0.9741244453201011,
  1.9926602748937676,
  1.1683877632029505,
  1.4040044044517945,
  0.9480892269454768,
  1.3410987019668148,
  1.7859423090324538,
  2.115775026171963,
  1.7034233160367465,
  1.232342936583435,
  0.9829441709253864,
  0.9717127473019509,
  3.0461274999695345,
  1.2742314206047567,
  2.035952686868017,
  1.4542886556371695,
  0.9353148726014919,
  3.5146085276684116,
  1.5803085647585533,
  1.842495585037347,
  1.91866910169135,
  2.6031604302667204,
  1.4082161883105813,
  1.4357526365754698,
  1.3934332439745363,
  0.9467478502379743,
  2.1112921869163173,
  1.504190649211597,
  1.5321580060560955,
  1.2816680686722546,
  1.43733031798792,
  3.057046167365832,
  1.3490496602744964,
  1.766683475579148,
  2.976876321142849,
  2.3768579325193295,
  1.995002471528112,
  1.4418548580738473,
  0.8365754807697695,
  1.2104569508221723,
  2.4671809728455947,
  1.340535740757966,
  1.6418589902592666
 ],
 "6": [
  12.369405460973727,
  32.35970857523405,
  1.6694549936344278,
  2.5601883703258443,
  1.797686471539289,
  2.1009722859051148,
  2.1819674702205374,
  0.8767217420325442,
  1.7934141740071396,
  1.0515606707602874,
  1.2636180040506595,
  0.8532897851431985,
  1.207002242757153,
  1.6073659375522986,
  1.9042186813050284,
  1.5330980186662322,
  1.1091209663544574,
  0.8846595832745571,
  0.8745511896992288,
  2.7415452112475807,
  1.146821020858487,
  1.832377777708084,
  1.3088743329600088,
  0.8417927384900687,
  3.163182820986847,
  1.4222935113683455,
  1.6582644514894627,
  1.7268213782132318,
  2.3428704188443508,
  1.2674086516414063,
  1.2921917304442885,
  1.2541038539095224,
  0.8520825326926792,
  1.9001840811465547,
  1.3537866261969294,
  1.3789575270305465,
  1.1535140784857159,
  1.293611659492308,
  2.7513721210909226,
  1.2141581847436493,
  1.590032794855989,
  2.6792184577917757,
  2.1391959078467218,
  1.795522174400016,
  1.2976837908150431,
  0.7529262984476003,
  1.0894233603094632,
  2.2204875473707637,
  1.2064955720395771,
  1.4776895098232425
 ],
 "7": [
  12.369405460973727,
  32.35970857523405,
  1.6694549936344278,
  2.5601883703258443,
  1.797686471539289,
  2.1009722859051148,
  2.1819674702205374,
  0.8767217420325442,
  1.7934141740071396,
  1.0515606707602874,
  1.2636180040506595,
  0.8532897851431985,
  1.207002242757153,
  1.6073659375522986,
  1.9042186813050284,
  1.5330980186662322,
  1.1091209663544574,
  0.8846595832745571,
  0.8745511896992288,
  2.7415452112475807,
  1.146821020858487,
  1.832377777708084,
  1.3088743329600088,
  0.8417927384900687,
  3.163182820986847,
  1.4222935113683455,
  1.6582644514894627,
  1.7268213782132318,
  2.3428704188443508,
  1.2674086516414063,
  1.2921917304442885,
  1.2541038539095224,
  0.8520825326926792,
  1.9001840811465547,
  1.3537866261969294,
  1.3789575270305465,
  1.1535140784857159,
  1.293611659492308,
  2.7513721210909226,
  1.2141581847436493,
  1.590032794855989,
  2.6792184577917757,
  2.1391959078467218,
  1.795522174400016,
  1.2976837908150431,
  0.7529262984476003,
  1.0894233603094632,
  2.2204875473707637,
  1.2064955720395771,
  1.4776895098232425
 ],